[
  {
    "id": 1,
    "name": "卫肆柒",
    "sex": 0,
    "score": 97
  },
  {
    "id": 2,
    "name": "沈柒六",
    "sex": 1,
    "score": 82
  },
  {
    "id": 3,
    "name": "尤肆三",
    "sex": 0,
    "score": 96
  },
  {
    "id": 4,
    "name": "沈叁九",
    "sex": 1,
    "score": 92
  },
  {
    "id": 5,
    "name": "吴叁贰",
    "sex": 0,
    "score": 67
  },
  {
    "id": 6,
    "name": "李捌柒",
    "sex": 1,
    "score": 57
  },
  {
    "id": 7,
    "name": "魏八壹",
    "sex": 0,
    "score": 92
  },
  {
    "id": 8,
    "name": "钱一七",
    "sex": 1,
    "score": 84
  },
  {
    "id": 9,
    "name": "郑玖叁",
    "sex": 0,
    "score": 84
  },
  {
    "id": 10,
    "name": "施五陆",
    "sex": 0,
    "score": 52
  },
  {
    "id": 11,
    "name": "吴三伍",
    "sex": 0,
    "score": 89
  },
  {
    "id": 12,
    "name": "吴六一",
    "sex": 1,
    "score": 77
  },
  {
    "id": 13,
    "name": "蒋贰八",
    "sex": 0,
    "score": 98
  },
  {
    "id": 14,
    "name": "冯壹陆",
    "sex": 1,
    "score": 65
  },
  {
    "id": 15,
    "name": "沈九八",
    "sex": 0,
    "score": 67
  },
  {
    "id": 16,
    "name": "沈四捌",
    "sex": 1,
    "score": 58
  },
  {
    "id": 17,
    "name": "孔壹八",
    "sex": 1,
    "score": 89
  },
  {
    "id": 18,
    "name": "孔柒三",
    "sex": 0,
    "score": 95
  },
  {
    "id": 19,
    "name": "金六六",
    "sex": 1,
    "score": 77
  },
  {
    "id": 20,
    "name": "吴肆八",
    "sex": 0,
    "score": 75
  },
  {
    "id": 21,
    "name": "严二伍",
    "sex": 1,
    "score": 57
  },
  {
    "id": 22,
    "name": "王伍捌",
    "sex": 0,
    "score": 68
  },
  {
    "id": 23,
    "name": "严壹陆",
    "sex": 0,
    "score": 93
  },
  {
    "id": 24,
    "name": "蒋叁八",
    "sex": 1,
    "score": 62
  },
  {
    "id": 25,
    "name": "韩四肆",
    "sex": 1,
    "score": 70
  },
  {
    "id": 26,
    "name": "施六肆",
    "sex": 1,
    "score": 58
  },
  {
    "id": 27,
    "name": "秦四六",
    "sex": 1,
    "score": 60
  },
  {
    "id": 28,
    "name": "孔七陆",
    "sex": 0,
    "score": 80
  },
  {
    "id": 29,
    "name": "赵柒伍",
    "sex": 1,
    "score": 78
  },
  {
    "id": 30,
    "name": "李柒贰",
    "sex": 1,
    "score": 56
  },
  {
    "id": 31,
    "name": "尤三壹",
    "sex": 0,
    "score": 70
  },
  {
    "id": 32,
    "name": "金五贰",
    "sex": 1,
    "score": 96
  },
  {
    "id": 33,
    "name": "卫捌柒",
    "sex": 0,
    "score": 72
  },
  {
    "id": 34,
    "name": "张五二",
    "sex": 0,
    "score": 75
  },
  {
    "id": 35,
    "name": "桃捌二",
    "sex": 0,
    "score": 93
  },
  {
    "id": 36,
    "name": "曹柒二",
    "sex": 1,
    "score": 61
  },
  {
    "id": 37,
    "name": "孙二三",
    "sex": 0,
    "score": 68
  },
  {
    "id": 38,
    "name": "曹贰肆",
    "sex": 0,
    "score": 78
  },
  {
    "id": 39,
    "name": "江三四",
    "sex": 0,
    "score": 53
  },
  {
    "id": 40,
    "name": "曹贰贰",
    "sex": 0,
    "score": 68
  },
  {
    "id": 41,
    "name": "蒋二柒",
    "sex": 0,
    "score": 83
  },
  {
    "id": 42,
    "name": "蒋捌八",
    "sex": 0,
    "score": 93
  },
  {
    "id": 43,
    "name": "蒋贰壹",
    "sex": 0,
    "score": 53
  },
  {
    "id": 44,
    "name": "金四七",
    "sex": 0,
    "score": 87
  },
  {
    "id": 45,
    "name": "赵肆六",
    "sex": 1,
    "score": 93
  },
  {
    "id": 46,
    "name": "吕四五",
    "sex": 0,
    "score": 68
  },
  {
    "id": 47,
    "name": "杨六肆",
    "sex": 1,
    "score": 74
  },
  {
    "id": 48,
    "name": "孔一七",
    "sex": 1,
    "score": 58
  },
  {
    "id": 49,
    "name": "郑一六",
    "sex": 1,
    "score": 72
  },
  {
    "id": 50,
    "name": "王柒五",
    "sex": 0,
    "score": 79
  },
  {
    "id": 51,
    "name": "赵贰一",
    "sex": 0,
    "score": 83
  },
  {
    "id": 52,
    "name": "金七肆",
    "sex": 1,
    "score": 53
  },
  {
    "id": 53,
    "name": "李九玖",
    "sex": 1,
    "score": 65
  },
  {
    "id": 54,
    "name": "金二二",
    "sex": 1,
    "score": 70
  },
  {
    "id": 55,
    "name": "魏肆肆",
    "sex": 1,
    "score": 90
  },
  {
    "id": 56,
    "name": "张伍柒",
    "sex": 1,
    "score": 53
  },
  {
    "id": 57,
    "name": "周肆二",
    "sex": 1,
    "score": 52
  },
  {
    "id": 58,
    "name": "吴二叁",
    "sex": 0,
    "score": 57
  },
  {
    "id": 59,
    "name": "张陆二",
    "sex": 0,
    "score": 76
  },
  {
    "id": 60,
    "name": "楚柒壹",
    "sex": 0,
    "score": 92
  },
  {
    "id": 61,
    "name": "王捌六",
    "sex": 0,
    "score": 58
  },
  {
    "id": 62,
    "name": "孙壹叁",
    "sex": 0,
    "score": 59
  },
  {
    "id": 63,
    "name": "魏三陆",
    "sex": 1,
    "score": 91
  },
  {
    "id": 64,
    "name": "严六叁",
    "sex": 0,
    "score": 70
  },
  {
    "id": 65,
    "name": "孙五四",
    "sex": 0,
    "score": 60
  },
  {
    "id": 66,
    "name": "张肆贰",
    "sex": 0,
    "score": 51
  },
  {
    "id": 67,
    "name": "韩陆柒",
    "sex": 0,
    "score": 65
  },
  {
    "id": 68,
    "name": "桃捌二",
    "sex": 0,
    "score": 82
  },
  {
    "id": 69,
    "name": "王捌叁",
    "sex": 1,
    "score": 79
  },
  {
    "id": 70,
    "name": "吕壹八",
    "sex": 1,
    "score": 89
  },
  {
    "id": 71,
    "name": "蒋九贰",
    "sex": 1,
    "score": 53
  },
  {
    "id": 72,
    "name": "秦七五",
    "sex": 0,
    "score": 68
  },
  {
    "id": 73,
    "name": "朱陆陆",
    "sex": 1,
    "score": 84
  },
  {
    "id": 74,
    "name": "杨叁三",
    "sex": 0,
    "score": 95
  },
  {
    "id": 75,
    "name": "李柒七",
    "sex": 1,
    "score": 74
  },
  {
    "id": 76,
    "name": "曹叁伍",
    "sex": 0,
    "score": 98
  },
  {
    "id": 77,
    "name": "李二陆",
    "sex": 1,
    "score": 99
  },
  {
    "id": 78,
    "name": "华六七",
    "sex": 0,
    "score": 51
  },
  {
    "id": 79,
    "name": "卫九伍",
    "sex": 1,
    "score": 73
  },
  {
    "id": 80,
    "name": "金陆捌",
    "sex": 0,
    "score": 94
  },
  {
    "id": 81,
    "name": "冯五肆",
    "sex": 0,
    "score": 92
  },
  {
    "id": 82,
    "name": "王肆六",
    "sex": 0,
    "score": 62
  },
  {
    "id": 83,
    "name": "秦陆八",
    "sex": 1,
    "score": 59
  },
  {
    "id": 84,
    "name": "卫捌九",
    "sex": 0,
    "score": 69
  },
  {
    "id": 85,
    "name": "桃八七",
    "sex": 0,
    "score": 58
  },
  {
    "id": 86,
    "name": "蒋叁叁",
    "sex": 0,
    "score": 95
  },
  {
    "id": 87,
    "name": "华柒柒",
    "sex": 0,
    "score": 96
  },
  {
    "id": 88,
    "name": "孙一六",
    "sex": 1,
    "score": 63
  },
  {
    "id": 89,
    "name": "秦柒五",
    "sex": 0,
    "score": 65
  },
  {
    "id": 90,
    "name": "楚捌柒",
    "sex": 1,
    "score": 70
  },
  {
    "id": 91,
    "name": "王捌四",
    "sex": 1,
    "score": 77
  },
  {
    "id": 92,
    "name": "沈二三",
    "sex": 1,
    "score": 63
  },
  {
    "id": 93,
    "name": "严二九",
    "sex": 0,
    "score": 69
  },
  {
    "id": 94,
    "name": "朱五四",
    "sex": 0,
    "score": 52
  },
  {
    "id": 95,
    "name": "张五壹",
    "sex": 0,
    "score": 69
  },
  {
    "id": 96,
    "name": "吕七八",
    "sex": 1,
    "score": 98
  }
]